{
	"credit": "mr_ch0c0late",
	"ambientocclusion": false,
	"textures": {
		"1": "block/flower_pot",
		"particle": "#1"
	},
	"elements": [
		{
			"from": [5, 0, 5],
			"to": [6, 6, 11],
			"faces": {
				"north": {"uv": [5, 10, 6, 16], "texture": "#1"},
				"east": {"uv": [0, 10, 6, 16], "texture": "#1"},
				"south": {"uv": [0, 10, 1, 16], "texture": "#1"},
				"west": {"uv": [0, 10, 6, 16], "texture": "#1"},
				"up": {"uv": [0, 4, 1, 10], "texture": "#1"},
				"down": {"uv": [6, 4, 7, 10], "texture": "#1", "cullface": "down"}
			}
		},
		{
			"from": [10, 0, 5],
			"to": [11, 6, 11],
			"faces": {
				"north": {"uv": [0, 10, 1, 16], "texture": "#1"},
				"east": {"uv": [0, 10, 6, 16], "texture": "#1"},
				"south": {"uv": [5, 10, 6, 16], "texture": "#1"},
				"west": {"uv": [0, 10, 6, 16], "texture": "#1"},
				"up": {"uv": [5, 4, 6, 10], "texture": "#1"},
				"down": {"uv": [11, 4, 12, 10], "texture": "#1", "cullface": "down"}
			}
		},
		{
			"from": [6, 0, 5],
			"to": [10, 6, 6],
			"faces": {
				"north": {"uv": [1, 10, 5, 16], "texture": "#1"},
				"east": {"uv": [0, 0, 0, 0], "texture": "#1"},
				"south": {"uv": [1, 10, 5, 16], "texture": "#1"},
				"west": {"uv": [0, 0, 0, 0], "texture": "#1"},
				"up": {"uv": [1, 4, 5, 5], "texture": "#1"},
				"down": {"uv": [7, 9, 11, 10], "texture": "#1", "cullface": "down"}
			}
		},
		{
			"from": [6, 0, 10],
			"to": [10, 6, 11],
			"faces": {
				"north": {"uv": [1, 10, 5, 16], "texture": "#1"},
				"east": {"uv": [0, 0, 0, 0], "texture": "#1"},
				"south": {"uv": [1, 10, 5, 16], "texture": "#1"},
				"west": {"uv": [0, 0, 0, 0], "texture": "#1"},
				"up": {"uv": [1, 9, 5, 10], "texture": "#1"},
				"down": {"uv": [7, 4, 11, 5], "texture": "#1", "cullface": "down"}
			}
		},
		{
			"from": [6, 0, 6],
			"to": [10, 1, 10],
			"faces": {
				"north": {"uv": [0, 0, 0, 0], "texture": "#1"},
				"east": {"uv": [0, 0, 0, 0], "texture": "#1"},
				"south": {"uv": [0, 0, 0, 0], "texture": "#1"},
				"west": {"uv": [0, 0, 0, 0], "texture": "#1"},
				"up": {"uv": [1, 5, 5, 9], "texture": "#1"},
				"down": {"uv": [7, 5, 11, 9], "texture": "#1", "cullface": "down"}
			}
		}
	]
}